{
  "IcoMoonType": "selection",
  "icons": [
    {
      "icon": {
        "paths": [
          "M384 128h256M128 256h768M810.667 256l-29.924 448.825c-4.489 67.339-6.73 101.006-21.276 126.538-12.806 22.471-32.119 40.545-55.398 51.826-26.436 12.811-60.183 12.811-127.67 12.811h-128.797c-67.488 0-101.232 0-127.672-12.811-23.278-11.281-42.592-29.355-55.396-51.826-14.544-25.532-16.788-59.199-21.278-126.538l-29.921-448.825M426.667 448v213.333M597.333 448v213.333"
        ],
        "attrs": [
          {
            "fill": "none",
            "strokeLinejoin": "round",
            "strokeLinecap": "round",
            "strokeMiterlimit": "4",
            "strokeWidth": 85.33333333333333
          }
        ],
        "grid": 0,
        "tags": [
          "trash-03"
        ],
        "colorPermutations": {}
      },
      "attrs": [
        {
          "fill": "none",
          "strokeLinejoin": "round",
          "strokeLinecap": "round",
          "strokeMiterlimit": "4",
          "strokeWidth": 85.33333333333333
        }
      ],
      "properties": {
        "order": 5,
        "id": 0,
        "name": "trash-03",
        "prevSize": 32
      },
      "setIdx": 0,
      "setId": 4,
      "iconIdx": 0
    }
  ],
  "height": 1024,
  "preferences": {
    "showGlyphs": true,
    "showQuickUse": true,
    "showQuickUse2": true,
    "showSVGs": true,
    "fontPref": {
      "prefix": "icon-",
      "metadata": {
        "fontFamily": "icomoon"
      },
      "metrics": {
        "emSize": 1024,
        "baseline": 6.25,
        "whitespace": 50
      },
      "embed": false
    },
    "imagePref": {
      "prefix": "icon-",
      "png": true,
      "useClassSelector": true,
      "color": 0,
      "bgColor": 16777215,
      "classSelector": ".icon",
      "name": "icomoon"
    },
    "historySize": 50,
    "showCodes": true,
    "gridSize": 16
  }
}